Workbook

Sheet data
A1: Sl No | B1: zone_cd | C1: Zone | D1: reg_cd | E1: Region | F1: Division | G1: div_cd | H1: 2026-02 | I1: 2026-01 | J1: 2025-12 | K1: 2025-11 | L1: 2025-10 | M1: 2025-09 | N1: Total | O1: Monthly average
A2: 1 | B2: 31 | C2: =VLOOKUP(B2,'Zone Reg'!K:L,2,0) -> Kolkata | D2: 311 | E2: =VLOOKUP(D2,'Zone Reg'!A:C,3,0) -> 24-PARGANAS (SOUTH) | F2: BEHALA DIVN. | G2: 3112000 | H2: 39 | I2: 13 | J2: 14 | K2: 38 | L2: 4 | M2: 7 | N2: =SUM(H2:M2) -> 115 | O2: =ROUND(N2/6,0) -> 19
A3: 2 | B3: 31 | C3: =VLOOKUP(B3,'Zone Reg'!K:L,2,0) -> Kolkata | D3: 311 | E3: =VLOOKUP(D3,'Zone Reg'!A:C,3,0) -> 24-PARGANAS (SOUTH) | F3: BARUIPUR DIVN. | G3: 3113000 | H3: 15 | I3: 30 | J3: 17 | K3: 14 | L3: 11 | M3: 8 | N3: =SUM(H3:M3) -> 95 | O3: =ROUND(N3/6,0) -> 16
A4: 3 | B4: 31 | C4: =VLOOKUP(B4,'Zone Reg'!K:L,2,0) -> Kolkata | D4: 311 | E4: =VLOOKUP(D4,'Zone Reg'!A:C,3,0) -> 24-PARGANAS (SOUTH) | F4: GARIA DIVN. | G4: 3115000 | H4: 38 | I4: 40 | J4: 31 | K4: 7 | L4: 16 | M4: 29 | N4: =SUM(H4:M4) -> 161 | O4: =ROUND(N4/6,0) -> 27
A5: 4 | B5: 31 | C5: =VLOOKUP(B5,'Zone Reg'!K:L,2,0) -> Kolkata | D5: 311 | E5: =VLOOKUP(D5,'Zone Reg'!A:C,3,0) -> 24-PARGANAS (SOUTH) | F5: JOYNAGAR DIVISION | G5: 3116000 | H5: 16 | I5: 1 | J5: 10 | K5: 6 | L5: 1 | M5: 0 | N5: =SUM(H5:M5) -> 34 | O5: =ROUND(N5/6,0) -> 6
A6: 5 | B6: 31 | C6: =VLOOKUP(B6,'Zone Reg'!K:L,2,0) -> Kolkata | D6: 311 | E6: =VLOOKUP(D6,'Zone Reg'!A:C,3,0) -> 24-PARGANAS (SOUTH) | F6: DIAMOND HARBOUR DIVN. | G6: 3117000 | H6: 5 | I6: 2 | J6: 2 | K6: 3 | L6: 0 | M6: 5 | N6: =SUM(H6:M6) -> 17 | O6: =ROUND(N6/6,0) -> 3
A7: 6 | B7: 31 | C7: =VLOOKUP(B7,'Zone Reg'!K:L,2,0) -> Kolkata | D7: 311 | E7: =VLOOKUP(D7,'Zone Reg'!A:C,3,0) -> 24-PARGANAS (SOUTH) | F7: KAKDWIP DIVN. | G7: 3118000 | H7: 8 | I7: 18 | J7: 9 | K7: 7 | L7: 1 | M7: 19 | N7: =SUM(H7:M7) -> 62 | O7: =ROUND(N7/6,0) -> 10
A8: 7 | B8: 31 | C8: =VLOOKUP(B8,'Zone Reg'!K:L,2,0) -> Kolkata | D8: 311 | E8: =VLOOKUP(D8,'Zone Reg'!A:C,3,0) -> 24-PARGANAS (SOUTH) | F8: CANNING DIVISON | G8: 3119000 | H8: 2 | I8: 9 | J8: 5 | K8: 1 | L8: 0 | M8: 0 | N8: =SUM(H8:M8) -> 17 | O8: =ROUND(N8/6,0) -> 3
A9: 8 | B9: 31 | C9: =VLOOKUP(B9,'Zone Reg'!K:L,2,0) -> Kolkata | D9: 312 | E9: =VLOOKUP(D9,'Zone Reg'!A:C,3,0) -> BIDHANNAGAR | F9: BIDHANNAGAR-I DIVN. | G9: 3122000 | H9: 1 | I9: 1 | J9: 3 | K9: 2 | L9: 0 | M9: 1 | N9: =SUM(H9:M9) -> 8 | O9: =ROUND(N9/6,0) -> 1
A10: 9 | B10: 31 | C10: =VLOOKUP(B10,'Zone Reg'!K:L,2,0) -> Kolkata | D10: 312 | E10: =VLOOKUP(D10,'Zone Reg'!A:C,3,0) -> BIDHANNAGAR | F10: BIDHANNAGAR-II DIVN. | G10: 3123000 | H10: 8 | I10: 12 | J10: 7 | K10: 1 | L10: 3 | M10: 10 | N10: =SUM(H10:M10) -> 41 | O10: =ROUND(N10/6,0) -> 7
A11: 10 | B11: 31 | C11: =VLOOKUP(B11,'Zone Reg'!K:L,2,0) -> Kolkata | D11: 312 | E11: =VLOOKUP(D11,'Zone Reg'!A:C,3,0) -> BIDHANNAGAR | F11: BHANGAR DIVISION | G11: 3124000 | H11: 14 | I11: 7 | J11: 8 | K11: 3 | L11: 0 | M11: 11 | N11: =SUM(H11:M11) -> 43 | O11: =ROUND(N11/6,0) -> 7
A12: 11 | B12: 31 | C12: =VLOOKUP(B12,'Zone Reg'!K:L,2,0) -> Kolkata | D12: 312 | E12: =VLOOKUP(D12,'Zone Reg'!A:C,3,0) -> BIDHANNAGAR | F12: NEWTOWN DIVISION | G12: 3125000 | H12: 14 | I12: 17 | J12: 4 | K12: 8 | L12: 4 | M12: 10 | N12: =SUM(H12:M12) -> 57 | O12: =ROUND(N12/6,0) -> 10
A13: 12 | B13: 31 | C13: =VLOOKUP(B13,'Zone Reg'!K:L,2,0) -> Kolkata | D13: 313 | E13: =VLOOKUP(D13,'Zone Reg'!A:C,3,0) -> HOWRAH | F13: HOWRAH-I DIVN. | G13: 3132000 | H13: 15 | I13: 5 | J13: 24 | K13: 6 | L13: 3 | M13: 14 | N13: =SUM(H13:M13) -> 67 | O13: =ROUND(N13/6,0) -> 11
... A80: 79 | B80: 66 | C80: =VLOOKUP(B80,'Zone Reg'!K:L,2,0) -> Malda | D80: 663 | E80: =VLOOKUP(D80,'Zone Reg'!A:C,3,0) -> DAKSHIN DINAJPUR | F80: BUNIADPUR DIVISION | G80: 6632000 | H80: 30 | I80: 0 | J80: 12 | K80: 0 | L80: 0 | M80: 28 | N80: =SUM(H80:M80) -> 70 | O80: =ROUND(N80/6,0) -> 12

Sheet Zone Reg
A1: 311 | B1: =A1&" Total" -> 311 Total | C1: 24-PARGANAS (SOUTH) | D1: 311 | K1: 31 | L1: Kolkata
A2: 312 | B2: =A2&" Total" -> 312 Total | C2: BIDHANNAGAR | D2: 312 | K2: 32 | L2: Midnapore
A3: 313 | B3: =A3&" Total" -> 313 Total | C3: HOWRAH | D3: 313 | K3: 33 | L3: Berhampore
A4: 315 | B4: =A4&" Total" -> 315 Total | C4: 24-PARGANAS (NORTH) | D4: 315 | K4: 34 | L4: Siliguri
A5: 321 | B5: =A5&" Total" -> 321 Total | C5: PASCHIM MEDINIPUR | D5: 321 | K5: 35 | L5: Bardhaman
A6: 322 | B6: =A6&" Total" -> 322 Total | C6: PURBA MEDINIPUR | D6: 322 | K6: 66 | L6: Malda
A7: 323 | B7: =A7&" Total" -> 323 Total | C7: BANKURA | D7: 323
A8: 324 | B8: =A8&" Total" -> 324 Total | C8: PURULIA | D8: 324
A9: 325 | B9: =A9&" Total" -> 325 Total | C9: JHARGRAM | D9: 325
A10: 331 | B10: =A10&" Total" -> 331 Total | C10: MURSHIDABAD | D10: 331
A11: 333 | B11: =A11&" Total" -> 333 Total | C11: NADIA | D11: 333
A12: 341 | B12: =A12&" Total" -> 341 Total | C12: DARJEELING | D12: 341
A13: 342 | B13: =A13&" Total" -> 342 Total | C13: JALPAIGURI | D13: 342
A14: 344 | B14: =A14&" Total" -> 344 Total | C14: COOCHBEHAR | D14: 344
A15: 345 | B15: =A15&" Total" -> 345 Total | C15: ALIPURDUAR | D15: 345
A16: 347 | B16: =A16&" Total" -> 347 Total | C16: KALIMPONG | D16: 347
A17: 351 | B17: =A17&" Total" -> 351 Total | C17: PURBA BURDWAN | D17: 351
A18: 352 | B18: =A18&" Total" -> 352 Total | C18: BIRBHUM | D18: 352
... A23: 663 | B23: =A23&" Total" -> 663 Total | C23: DAKSHIN DINAJPUR | D23: 663
